[
  {
    "_id": "5dd6a1bf97dce12cc05d3855",
    "picture": "image6.png",
    "birthday": "1961-07-12T05:41:09 -02:00",
    "name": "Lou Gardner",
    "address": "888 Thatford Avenue, Chalfant, Alabama, 2716",
    "phone_number": "(053) 8589246"
  },
  {
    "_id": "5dd6a1bf67256d9557ed1965",
    "picture": "image5.png",
    "birthday": "1940-03-29T02:16:36 -02:00",
    "name": "Erin Knight",
    "address": "608 Polar Street, Cotopaxi, Connecticut, 8858",
    "phone_number": "(053) 4110686"
  },
  {
    "_id": "5dd6a1bf32e9d8250ad3225f",
    "picture": "image6.png",
    "birthday": "2006-07-01T12:16:26 -03:00",
    "name": "Frankie Weaver",
    "address": "268 Moultrie Street, Jacksonburg, District Of Columbia, 550",
    "phone_number": "(052) 8468843"
  },
  {
    "_id": "5dd6a1bf4e7fa2b386dd7506",
    "picture": "image4.png",
    "birthday": "1977-03-02T10:03:32 -02:00",
    "name": "Romero Heath",
    "address": "172 Middagh Street, Orovada, Illinois, 7845",
    "phone_number": "(054) 1797802"
  },
  {
    "_id": "5dd6a1bfe7539f7c880914e3",
    "picture": "image8.png",
    "birthday": "1956-09-06T04:56:17 -03:00",
    "name": "Sherri Torres",
    "address": "687 Aviation Road, Soham, Kansas, 9955",
    "phone_number": "(052) 8132640"
  },
  {
    "_id": "5dd6a1bf509937a116481fa1",
    "picture": "image0.png",
    "birthday": "2015-04-02T11:39:43 -03:00",
    "name": "Diana Vaughan",
    "address": "753 Monument Walk, Gerber, Louisiana, 838",
    "phone_number": "(054) 9781938"
  },
  {
    "_id": "5dd6a1bf80b50b34afffcc12",
    "picture": "image8.png",
    "birthday": "1956-10-21T12:53:34 -02:00",
    "name": "Bernice Mcneil",
    "address": "782 Madison Street, Cucumber, Wisconsin, 4319",
    "phone_number": "(053) 5269507"
  },
  {
    "_id": "5dd6a1bfd82f21e54e4354ea",
    "picture": "image0.png",
    "birthday": "2014-03-06T03:58:31 -02:00",
    "name": "Rosemary Harding",
    "address": "556 Hamilton Avenue, Rose, Tennessee, 8670",
    "phone_number": "(054) 8577297"
  },
  {
    "_id": "5dd6a1bf1afccb0e3c59f4e2",
    "picture": "image0.png",
    "birthday": "1975-11-20T05:19:28 -02:00",
    "name": "English Branch",
    "address": "270 National Drive, Cochranville, Minnesota, 5206",
    "phone_number": "(053) 9370399"
  },
  {
    "_id": "5dd6a1bfcb6c8e08a09a9551",
    "picture": "image7.png",
    "birthday": "2004-12-22T06:16:19 -02:00",
    "name": "Jasmine Beard",
    "address": "595 Dumont Avenue, Moraida, North Carolina, 2827",
    "phone_number": "(052) 2982592"
  },
  {
    "_id": "5dd6a1bf850361cf5aa00de7",
    "picture": "image9.png",
    "birthday": "1963-06-26T11:34:24 -02:00",
    "name": "Dianne Parsons",
    "address": "886 Pleasant Place, Longoria, Kentucky, 2864",
    "phone_number": "(054) 2168240"
  },
  {
    "_id": "5dd6a1bfe3fec461973095a2",
    "picture": "image10.png",
    "birthday": "1983-03-09T08:28:17 -02:00",
    "name": "Alisha Edwards",
    "address": "677 Cyrus Avenue, Juntura, Vermont, 4412",
    "phone_number": "(053) 6748906"
  },
  {
    "_id": "5dd6a1bf36660ffe410ca66d",
    "picture": "image9.png",
    "birthday": "1959-07-10T04:13:47 -02:00",
    "name": "Shannon Gallegos",
    "address": "419 Cherry Street, Succasunna, Massachusetts, 5695",
    "phone_number": "(052) 6000519"
  },
  {
    "_id": "5dd6a1bf040e3209ce370f10",
    "picture": "image0.png",
    "birthday": "1984-10-27T11:14:16 -02:00",
    "name": "Hays Vazquez",
    "address": "310 Mayfair Drive, Bowmansville, Palau, 5448",
    "phone_number": "(053) 8107812"
  },
  {
    "_id": "5dd6a1bf8e832d5e447b6759",
    "picture": "image7.png",
    "birthday": "1964-06-07T09:25:32 -02:00",
    "name": "Odom Fulton",
    "address": "446 Conway Street, Camino, Pennsylvania, 7973",
    "phone_number": "(053) 4093240"
  },
  {
    "_id": "5dd6a1bf1fbe0ebfd104aba0",
    "picture": "image4.png",
    "birthday": "2019-01-17T10:11:55 -02:00",
    "name": "Kasey Aguirre",
    "address": "495 Channel Avenue, Glasgow, Washington, 9239",
    "phone_number": "(054) 1479895"
  },
  {
    "_id": "5dd6a1bfa75361d7bf56885f",
    "picture": "image10.png",
    "birthday": "1954-12-01T03:56:56 -02:00",
    "name": "Meyer Roberts",
    "address": "195 Cove Lane, Clay, North Dakota, 8079",
    "phone_number": "(053) 3276782"
  },
  {
    "_id": "5dd6a1bfd4fae94ac0e7e450",
    "picture": "image2.png",
    "birthday": "2019-09-27T03:17:50 -03:00",
    "name": "Cecilia Nielsen",
    "address": "314 Underhill Avenue, Machias, Indiana, 4858",
    "phone_number": "(052) 6297134"
  },
  {
    "_id": "5dd6a1bf819dff6029741e5e",
    "picture": "image8.png",
    "birthday": "1968-02-29T02:25:14 -02:00",
    "name": "Henrietta Hendrix",
    "address": "887 Aurelia Court, Salix, New Jersey, 2802",
    "phone_number": "(054) 3717102"
  },
  {
    "_id": "5dd6a1bf12f79122e0b30d6c",
    "picture": "image0.png",
    "birthday": "2008-09-12T06:31:28 -03:00",
    "name": "Perry Bailey",
    "address": "621 Chase Court, Haring, Georgia, 833",
    "phone_number": "(054) 1706769"
  },
  {
    "_id": "5dd6a1bf2f4238359897d2bd",
    "picture": "image4.png",
    "birthday": "2004-02-09T07:24:18 -02:00",
    "name": "Natalie Gonzalez",
    "address": "146 Duryea Place, Dupuyer, Missouri, 3545",
    "phone_number": "(053) 6644372"
  },
  {
    "_id": "5dd6a1bf318a7db45c2a9f38",
    "picture": "image6.png",
    "birthday": "1962-06-06T05:20:19 -02:00",
    "name": "Anita Whitehead",
    "address": "933 Metrotech Courtr, Bentonville, Alaska, 2961",
    "phone_number": "(054) 4766663"
  },
  {
    "_id": "5dd6a1bfa359bb7f066f1339",
    "picture": "image2.png",
    "birthday": "1966-05-23T08:11:33 -02:00",
    "name": "Norton Rivers",
    "address": "980 Belmont Avenue, Allentown, Guam, 8208",
    "phone_number": "(053) 4414416"
  },
  {
    "_id": "5dd6a1bfaeb24d9e9aa134c4",
    "picture": "image8.png",
    "birthday": "1950-09-16T07:30:56 -02:00",
    "name": "Rutledge Weeks",
    "address": "393 Atkins Avenue, Darlington, Colorado, 5166",
    "phone_number": "(053) 8719894"
  },
  {
    "_id": "5dd6a1bf2cba15a467678466",
    "picture": "image7.png",
    "birthday": "2003-07-13T01:09:58 -03:00",
    "name": "Lynch York",
    "address": "237 Ford Street, Roeville, Marshall Islands, 3267",
    "phone_number": "(053) 6122522"
  },
  {
    "_id": "5dd6a1bf88f14ca891d3ddbe",
    "picture": "image6.png",
    "birthday": "1947-12-18T03:36:06 -02:00",
    "name": "House Clark",
    "address": "495 Bethel Loop, Coventry, New Hampshire, 9298",
    "phone_number": "(052) 3242754"
  },
  {
    "_id": "5dd6a1bf5e0572cc3412882d",
    "picture": "image2.png",
    "birthday": "2003-03-23T05:24:46 -02:00",
    "name": "Jill Nolan",
    "address": "635 Abbey Court, Deercroft, Arizona, 7194",
    "phone_number": "(052) 3599232"
  },
  {
    "_id": "5dd6a1bf4e404358297fef76",
    "picture": "image6.png",
    "birthday": "2002-11-22T09:31:26 -02:00",
    "name": "Albert Henry",
    "address": "136 Broadway , Caron, Virginia, 4149",
    "phone_number": "(053) 3840848"
  },
  {
    "_id": "5dd6a1bf3cda0bf8a7b9048c",
    "picture": "image0.png",
    "birthday": "1988-05-28T09:51:00 -03:00",
    "name": "Nicholson Mcgee",
    "address": "272 Fulton Street, Ventress, Idaho, 1128",
    "phone_number": "(052) 5111536"
  },
  {
    "_id": "5dd6a1bf88449ba33069cf74",
    "picture": "image4.png",
    "birthday": "2003-02-28T04:57:46 -02:00",
    "name": "Leta Winters",
    "address": "543 Dahill Road, Lupton, South Carolina, 5915",
    "phone_number": "(052) 1042314"
  },
  {
    "_id": "5dd6a1bf95eb0e6751598995",
    "picture": "image1.png",
    "birthday": "1975-09-06T11:07:25 -02:00",
    "name": "Candy Mccray",
    "address": "438 Conduit Boulevard, Chesapeake, South Dakota, 4981",
    "phone_number": "(054) 7782221"
  },
  {
    "_id": "5dd6a1bf8594aa1927ece31f",
    "picture": "image9.png",
    "birthday": "2006-11-25T03:46:59 -02:00",
    "name": "Aimee Brennan",
    "address": "145 Prospect Avenue, Cumminsville, West Virginia, 252",
    "phone_number": "(052) 8707036"
  },
  {
    "_id": "5dd6a1bff4e7441a05e8fbba",
    "picture": "image4.png",
    "birthday": "1969-09-24T01:24:05 -02:00",
    "name": "Elizabeth Fox",
    "address": "655 Strong Place, Emerald, Utah, 3935",
    "phone_number": "(053) 6450658"
  },
  {
    "_id": "5dd6a1bfb337805f548dcb14",
    "picture": "image9.png",
    "birthday": "1962-05-05T04:33:16 -02:00",
    "name": "Chen Gallagher",
    "address": "757 Seigel Street, Sparkill, Federated States Of Micronesia, 8092",
    "phone_number": "(052) 8055061"
  },
  {
    "_id": "5dd6a1bf88cf3759513a73fb",
    "picture": "image7.png",
    "birthday": "1939-10-27T06:58:09 -02:00",
    "name": "Deidre Copeland",
    "address": "940 Nova Court, Weedville, Rhode Island, 7964",
    "phone_number": "(052) 7000304"
  },
  {
    "_id": "5dd6a1bfce38a29a8958d903",
    "picture": "image4.png",
    "birthday": "2014-12-19T10:39:29 -02:00",
    "name": "Blanca Hansen",
    "address": "937 Logan Street, Brutus, Delaware, 890",
    "phone_number": "(054) 5693149"
  },
  {
    "_id": "5dd6a1bfc9403fcfc0da82b7",
    "picture": "image3.png",
    "birthday": "1950-10-30T03:54:03 -02:00",
    "name": "Cole Sellers",
    "address": "221 Gerry Street, Jennings, Michigan, 166",
    "phone_number": "(052) 1352952"
  },
  {
    "_id": "5dd6a1bfb46bd1655f944f7c",
    "picture": "image7.png",
    "birthday": "1938-12-25T03:56:31 -02:00",
    "name": "Parker Madden",
    "address": "562 Crooke Avenue, Reno, Nebraska, 6508",
    "phone_number": "(052) 9678785"
  },
  {
    "_id": "5dd6a1bf0ac2e7accd2d6ed4",
    "picture": "image10.png",
    "birthday": "2009-07-19T12:00:45 -03:00",
    "name": "Figueroa Cochran",
    "address": "606 Driggs Avenue, Villarreal, American Samoa, 123",
    "phone_number": "(053) 9255732"
  },
  {
    "_id": "5dd6a1bf3186c3a35b9c5521",
    "picture": "image9.png",
    "birthday": "1953-12-24T01:09:22 -02:00",
    "name": "Ayala Pittman",
    "address": "225 Navy Walk, Cecilia, Florida, 5450",
    "phone_number": "(054) 8732025"
  },
  {
    "_id": "5dd6a1bf0cb98042ec8bec19",
    "picture": "image10.png",
    "birthday": "1937-03-20T06:41:58 -02:00",
    "name": "Chase Johnson",
    "address": "988 Schermerhorn Street, Sanborn, Arkansas, 6401",
    "phone_number": "(054) 2606738"
  },
  {
    "_id": "5dd6a1bfd2f7c653ba63b154",
    "picture": "image7.png",
    "birthday": "1959-08-28T06:40:58 -02:00",
    "name": "Newman Thompson",
    "address": "834 Thames Street, Gardiner, Maryland, 3169",
    "phone_number": "(054) 3886066"
  },
  {
    "_id": "5dd6a1bf376d76f440465273",
    "picture": "image0.png",
    "birthday": "1956-06-10T05:23:40 -03:00",
    "name": "Lisa Snow",
    "address": "681 Kingsland Avenue, Summerset, Oklahoma, 7177",
    "phone_number": "(054) 5888475"
  },
  {
    "_id": "5dd6a1bf27d37a1f8632b96e",
    "picture": "image6.png",
    "birthday": "1998-05-20T02:02:13 -03:00",
    "name": "Lorena Berg",
    "address": "932 Dunne Place, Celeryville, Maine, 6543",
    "phone_number": "(052) 1264178"
  },
  {
    "_id": "5dd6a1bfb9708b2f6135480e",
    "picture": "image5.png",
    "birthday": "1936-09-22T11:23:26 -02:00",
    "name": "Henson Hinton",
    "address": "536 Russell Street, Twilight, Ohio, 3274",
    "phone_number": "(054) 1406649"
  },
  {
    "_id": "5dd6a1bf1314c1382116cc21",
    "picture": "image9.png",
    "birthday": "1936-09-18T05:17:22 -02:00",
    "name": "Eloise Porter",
    "address": "564 McKinley Avenue, Retsof, Mississippi, 6794",
    "phone_number": "(054) 4997385"
  },
  {
    "_id": "5dd6a1bf5ce90591d4a1e05f",
    "picture": "image8.png",
    "birthday": "2019-03-19T02:14:23 -02:00",
    "name": "Mendez Forbes",
    "address": "706 Mill Road, Durham, Virgin Islands, 3685",
    "phone_number": "(054) 8919732"
  },
  {
    "_id": "5dd6a1bf4cfaaa058c49935c",
    "picture": "image3.png",
    "birthday": "1972-03-21T04:39:02 -02:00",
    "name": "Sara Coffey",
    "address": "510 Brighton Court, Kersey, Iowa, 7267",
    "phone_number": "(054) 1394109"
  },
  {
    "_id": "5dd6a1bf5fb06102cfcc161e",
    "picture": "image1.png",
    "birthday": "1977-09-24T03:50:49 -02:00",
    "name": "Herminia Munoz",
    "address": "930 Bogart Street, Edneyville, Texas, 8915",
    "phone_number": "(054) 6842659"
  },
  {
    "_id": "5dd6a1bf091fd6a4bce2c765",
    "picture": "image1.png",
    "birthday": "1966-04-17T05:11:41 -02:00",
    "name": "Juanita Watts",
    "address": "808 Lincoln Avenue, Osage, Nevada, 1970",
    "phone_number": "(054) 7374481"
  },
  {
    "_id": "5dd6a1bf53f532a6eb9e5bf7",
    "picture": "image6.png",
    "birthday": "1939-07-13T02:35:44 -02:00",
    "name": "Fuentes Smith",
    "address": "932 Landis Court, Mayfair, Oregon, 7533",
    "phone_number": "(054) 5102228"
  },
  {
    "_id": "5dd6a1bf3cdbf63de69caa3a",
    "picture": "image9.png",
    "birthday": "1976-10-14T03:55:19 -02:00",
    "name": "Vicky Farley",
    "address": "969 Knickerbocker Avenue, Riviera, Puerto Rico, 3856",
    "phone_number": "(053) 7730467"
  },
  {
    "_id": "5dd6a1bfdeae1ea96b2ef543",
    "picture": "image3.png",
    "birthday": "1934-01-15T03:39:56 -02:00",
    "name": "Bauer Norton",
    "address": "538 Stoddard Place, Driftwood, Northern Mariana Islands, 4181",
    "phone_number": "(053) 5251000"
  },
  {
    "_id": "5dd6a1bfdfa303f35e1f3005",
    "picture": "image4.png",
    "birthday": "2000-04-17T12:12:28 -03:00",
    "name": "Garrison Maddox",
    "address": "532 Highland Avenue, Biddle, California, 1034",
    "phone_number": "(054) 8253445"
  },
  {
    "_id": "5dd6a1bfc1c7e5a145d1ad0b",
    "picture": "image10.png",
    "birthday": "1980-06-16T01:42:18 -02:00",
    "name": "Salazar Maxwell",
    "address": "731 Ryder Avenue, Harborton, Montana, 3357",
    "phone_number": "(052) 5259486"
  },
  {
    "_id": "5dd6a1bf118881f3dc11dac3",
    "picture": "image2.png",
    "birthday": "1981-06-02T07:04:34 -02:00",
    "name": "Kitty Hopper",
    "address": "216 Linwood Street, Belleview, Wyoming, 8139",
    "phone_number": "(054) 4027798"
  },
  {
    "_id": "5dd6a1bf61ab9fc3e4cba755",
    "picture": "image0.png",
    "birthday": "1980-05-19T07:12:26 -02:00",
    "name": "Emily Clements",
    "address": "533 Willoughby Street, Shawmut, Hawaii, 9383",
    "phone_number": "(052) 2330032"
  },
  {
    "_id": "5dd6a1bfc3dfa76f4876d14f",
    "picture": "image6.png",
    "birthday": "1995-02-08T10:51:15 -02:00",
    "name": "Bettye Floyd",
    "address": "298 Heath Place, Floriston, New Mexico, 9319",
    "phone_number": "(052) 7779996"
  },
  {
    "_id": "5dd6a1bf99d87902e21083ca",
    "picture": "image6.png",
    "birthday": "1949-01-25T04:41:43 -02:00",
    "name": "Whitehead Mueller",
    "address": "954 Opal Court, Templeton, Alabama, 6041",
    "phone_number": "(053) 6116523"
  },
  {
    "_id": "5dd6a1bfbf6b2d5e954a39a8",
    "picture": "image2.png",
    "birthday": "1977-07-23T05:05:50 -02:00",
    "name": "Harmon Kim",
    "address": "439 Louisa Street, Franklin, Connecticut, 1832",
    "phone_number": "(054) 2103661"
  },
  {
    "_id": "5dd6a1bfbaec8f836e40755f",
    "picture": "image2.png",
    "birthday": "2011-02-20T05:13:07 -02:00",
    "name": "Cook Jacobs",
    "address": "693 Mersereau Court, Healy, District Of Columbia, 6070",
    "phone_number": "(054) 5528374"
  },
  {
    "_id": "5dd6a1bf88889a8af8189f12",
    "picture": "image9.png",
    "birthday": "1945-05-22T05:02:42 -03:00",
    "name": "Shepard Parker",
    "address": "753 Beekman Place, Kenvil, Illinois, 6294",
    "phone_number": "(052) 3346380"
  },
  {
    "_id": "5dd6a1bf49e5a316fbbece67",
    "picture": "image4.png",
    "birthday": "1951-06-02T08:05:29 -03:00",
    "name": "Daniel Gray",
    "address": "734 Lefferts Place, Ruffin, Kansas, 4516",
    "phone_number": "(053) 6773380"
  },
  {
    "_id": "5dd6a1bf234d547ab24fa3df",
    "picture": "image6.png",
    "birthday": "1947-06-14T07:12:24 -02:00",
    "name": "Haley Le",
    "address": "427 Lynch Street, Crisman, Louisiana, 7751",
    "phone_number": "(053) 8709410"
  },
  {
    "_id": "5dd6a1bfbe60f90a9c7079d7",
    "picture": "image9.png",
    "birthday": "1963-02-18T09:37:21 -02:00",
    "name": "Amie Bates",
    "address": "181 Madoc Avenue, Monument, Wisconsin, 8898",
    "phone_number": "(054) 5046441"
  },
  {
    "_id": "5dd6a1bfa40f4c5c45de4400",
    "picture": "image5.png",
    "birthday": "1974-05-22T06:40:10 -02:00",
    "name": "Hazel Mcmillan",
    "address": "838 Waldorf Court, Northchase, Tennessee, 2260",
    "phone_number": "(054) 5185896"
  },
  {
    "_id": "5dd6a1bf9aa4fcdc738aadcf",
    "picture": "image9.png",
    "birthday": "1947-07-24T04:50:32 -02:00",
    "name": "Griffith Hardy",
    "address": "641 Williamsburg Street, Gracey, Minnesota, 2236",
    "phone_number": "(053) 3255192"
  },
  {
    "_id": "5dd6a1bfc937622b6e06cfc3",
    "picture": "image5.png",
    "birthday": "1936-12-16T12:46:51 -02:00",
    "name": "Gillespie Lott",
    "address": "458 Jefferson Street, Selma, North Carolina, 2578",
    "phone_number": "(053) 1315453"
  },
  {
    "_id": "5dd6a1bf90f258ed3d33a4a4",
    "picture": "image9.png",
    "birthday": "1940-09-16T06:40:32 -03:00",
    "name": "Daisy Hebert",
    "address": "105 Pooles Lane, Trona, Kentucky, 6550",
    "phone_number": "(054) 1937334"
  },
  {
    "_id": "5dd6a1bfd47629ce97937141",
    "picture": "image0.png",
    "birthday": "1987-05-17T08:31:30 -03:00",
    "name": "Elba Morales",
    "address": "811 Division Avenue, Highland, Vermont, 5642",
    "phone_number": "(052) 2974536"
  },
  {
    "_id": "5dd6a1bfbcec6be080692cc9",
    "picture": "image10.png",
    "birthday": "1981-02-16T02:33:18 -02:00",
    "name": "Cheryl Frank",
    "address": "733 Ocean Parkway, Norris, Massachusetts, 3127",
    "phone_number": "(052) 3038659"
  },
  {
    "_id": "5dd6a1bfada814eacdf3b8b9",
    "picture": "image0.png",
    "birthday": "1941-09-04T12:12:00 -03:00",
    "name": "Deloris Gutierrez",
    "address": "814 Ingraham Street, Edgar, Palau, 3791",
    "phone_number": "(052) 4104562"
  },
  {
    "_id": "5dd6a1bfcb50d50658e4ebe5",
    "picture": "image5.png",
    "birthday": "1951-05-14T06:41:02 -03:00",
    "name": "Jeannette Kirby",
    "address": "958 Kent Street, Crucible, Pennsylvania, 7809",
    "phone_number": "(053) 5313242"
  },
  {
    "_id": "5dd6a1bfcf7c95f56a1e58f3",
    "picture": "image3.png",
    "birthday": "1959-05-28T12:27:22 -02:00",
    "name": "Livingston Sharpe",
    "address": "772 Essex Street, Fostoria, Washington, 3475",
    "phone_number": "(052) 5239791"
  },
  {
    "_id": "5dd6a1bfcc2cd4b13ceb16cc",
    "picture": "image9.png",
    "birthday": "1955-05-26T09:33:12 -02:00",
    "name": "Teresa Huffman",
    "address": "270 Tennis Court, Wilsonia, North Dakota, 8225",
    "phone_number": "(052) 5851056"
  },
  {
    "_id": "5dd6a1bf7890f9811f48f582",
    "picture": "image5.png",
    "birthday": "2005-03-05T08:22:03 -02:00",
    "name": "Summer Leblanc",
    "address": "179 Alabama Avenue, Datil, Indiana, 9055",
    "phone_number": "(054) 3210830"
  },
  {
    "_id": "5dd6a1bfdac658717e89cd47",
    "picture": "image9.png",
    "birthday": "2007-06-07T07:42:21 -03:00",
    "name": "Briggs Duffy",
    "address": "702 Hope Street, Dorneyville, New Jersey, 5513",
    "phone_number": "(053) 5453803"
  },
  {
    "_id": "5dd6a1bf7016bcd35e06d270",
    "picture": "image5.png",
    "birthday": "1997-08-13T01:14:04 -03:00",
    "name": "Stella Sandoval",
    "address": "370 Butler Place, Fairforest, Georgia, 9775",
    "phone_number": "(054) 6049994"
  },
  {
    "_id": "5dd6a1bfac367c16827ab9f2",
    "picture": "image0.png",
    "birthday": "2010-10-25T03:08:47 -02:00",
    "name": "Latonya Meadows",
    "address": "294 Turner Place, Calvary, Missouri, 6400",
    "phone_number": "(053) 1881229"
  },
  {
    "_id": "5dd6a1bfcb477f04bcaf1b4e",
    "picture": "image10.png",
    "birthday": "1996-06-27T03:38:27 -03:00",
    "name": "Hooper Preston",
    "address": "831 Elmwood Avenue, Cherokee, Alaska, 1313",
    "phone_number": "(053) 6382668"
  },
  {
    "_id": "5dd6a1bfc8cf298fcf24b859",
    "picture": "image4.png",
    "birthday": "1991-10-11T01:26:27 -02:00",
    "name": "Mclaughlin Ferguson",
    "address": "244 Narrows Avenue, Lowgap, Guam, 176",
    "phone_number": "(054) 6326185"
  },
  {
    "_id": "5dd6a1bfc39df11084af0611",
    "picture": "image5.png",
    "birthday": "1941-10-12T05:44:16 -03:00",
    "name": "Elma Soto",
    "address": "590 Whitney Avenue, Greer, Colorado, 3958",
    "phone_number": "(054) 5227582"
  },
  {
    "_id": "5dd6a1bfef6d8d10650390bd",
    "picture": "image10.png",
    "birthday": "2003-02-22T11:47:48 -02:00",
    "name": "Pratt Reyes",
    "address": "789 Eckford Street, Malott, Marshall Islands, 876",
    "phone_number": "(054) 5035847"
  },
  {
    "_id": "5dd6a1bfda6b1c0f5915aedb",
    "picture": "image6.png",
    "birthday": "2007-10-06T05:40:11 -02:00",
    "name": "Jewel Curtis",
    "address": "343 Croton Loop, Rosburg, New Hampshire, 4778",
    "phone_number": "(052) 6089351"
  },
  {
    "_id": "5dd6a1bfabfacdee80bc3529",
    "picture": "image1.png",
    "birthday": "1957-06-14T10:57:37 -03:00",
    "name": "Barbara Blackburn",
    "address": "979 Chester Avenue, Wescosville, Arizona, 6650",
    "phone_number": "(052) 9020573"
  },
  {
    "_id": "5dd6a1bf76501ccd445753ab",
    "picture": "image5.png",
    "birthday": "1986-12-05T07:14:11 -02:00",
    "name": "Woodward Mcclain",
    "address": "124 Granite Street, Dragoon, Virginia, 6956",
    "phone_number": "(054) 9969224"
  },
  {
    "_id": "5dd6a1bfc57ed1ad3824e678",
    "picture": "image6.png",
    "birthday": "2005-09-21T10:05:19 -03:00",
    "name": "Greene Butler",
    "address": "225 Dinsmore Place, Nipinnawasee, Idaho, 4068",
    "phone_number": "(052) 8071543"
  },
  {
    "_id": "5dd6a1bf316b2737af0e1bb9",
    "picture": "image9.png",
    "birthday": "2010-11-21T07:55:29 -02:00",
    "name": "Eunice Cleveland",
    "address": "452 Richmond Street, Iberia, South Carolina, 3936",
    "phone_number": "(054) 3307797"
  },
  {
    "_id": "5dd6a1bf7f7fa9e8f2a62c79",
    "picture": "image4.png",
    "birthday": "2005-04-22T07:47:19 -03:00",
    "name": "Erna Mullen",
    "address": "626 Newport Street, Kapowsin, South Dakota, 4792",
    "phone_number": "(053) 8277131"
  },
  {
    "_id": "5dd6a1bf70862ccf6025ad06",
    "picture": "image10.png",
    "birthday": "1971-12-07T10:46:35 -02:00",
    "name": "Horton Willis",
    "address": "549 Strickland Avenue, Hayden, West Virginia, 7024",
    "phone_number": "(053) 7620028"
  },
  {
    "_id": "5dd6a1bf2999d9d89c1907a1",
    "picture": "image10.png",
    "birthday": "2014-01-29T12:12:12 -02:00",
    "name": "Acosta Everett",
    "address": "619 Fillmore Place, Lisco, Utah, 4748",
    "phone_number": "(052) 4301547"
  },
  {
    "_id": "5dd6a1bfa515c331e68bb33d",
    "picture": "image1.png",
    "birthday": "1945-03-11T09:59:45 -02:00",
    "name": "Elise Bray",
    "address": "118 Hunts Lane, Ebro, Federated States Of Micronesia, 3940",
    "phone_number": "(052) 2532571"
  },
  {
    "_id": "5dd6a1bfce9e2d2e60a12242",
    "picture": "image9.png",
    "birthday": "1976-06-16T09:36:37 -02:00",
    "name": "Ford Pope",
    "address": "582 Louise Terrace, Geyserville, Rhode Island, 2050",
    "phone_number": "(053) 5649836"
  },
  {
    "_id": "5dd6a1bfd2d3d3bd0cd63d34",
    "picture": "image9.png",
    "birthday": "2007-01-08T11:17:58 -02:00",
    "name": "Maude Montgomery",
    "address": "388 Varet Street, Nicut, Delaware, 5052",
    "phone_number": "(052) 4072762"
  },
  {
    "_id": "5dd6a1bfbbd73d53689df9f5",
    "picture": "image10.png",
    "birthday": "1937-09-15T02:24:35 -02:00",
    "name": "Karla Jimenez",
    "address": "686 Barlow Drive, Terlingua, Michigan, 6085",
    "phone_number": "(054) 6785284"
  },
  {
    "_id": "5dd6a1bfa4c448070ce73267",
    "picture": "image10.png",
    "birthday": "1967-06-13T03:19:21 -02:00",
    "name": "Clay Flowers",
    "address": "481 Stillwell Place, Bison, Nebraska, 8650",
    "phone_number": "(052) 7486587"
  },
  {
    "_id": "5dd6a1bf4a91dd6683e090e4",
    "picture": "image4.png",
    "birthday": "1974-10-05T06:41:59 -03:00",
    "name": "Rochelle Sweeney",
    "address": "835 Tompkins Place, Rivers, American Samoa, 8375",
    "phone_number": "(054) 6334002"
  },
  {
    "_id": "5dd6a1bf970c590ed6adf05f",
    "picture": "image8.png",
    "birthday": "2018-01-04T06:00:26 -02:00",
    "name": "Susie Watkins",
    "address": "881 Withers Street, Tetherow, Florida, 1111",
    "phone_number": "(054) 5166702"
  },
  {
    "_id": "5dd6a1bf8b96d04fd5c70a83",
    "picture": "image8.png",
    "birthday": "1988-04-24T07:14:17 -03:00",
    "name": "Rachel Hicks",
    "address": "282 Hendrix Street, Avalon, Arkansas, 3242",
    "phone_number": "(052) 9257991"
  },
  {
    "_id": "5dd6a1bfc38a0e09ff3486e3",
    "picture": "image4.png",
    "birthday": "1937-09-16T11:20:19 -02:00",
    "name": "Clarissa Donaldson",
    "address": "226 Hubbard Street, Innsbrook, Maryland, 3501",
    "phone_number": "(052) 5710163"
  },
  {
    "_id": "5dd6a1bf9ccf0492c41e4604",
    "picture": "image8.png",
    "birthday": "1975-06-19T08:09:01 -03:00",
    "name": "Bray Bishop",
    "address": "700 Lombardy Street, Washington, Oklahoma, 231",
    "phone_number": "(054) 6550835"
  },
  {
    "_id": "5dd6a1bf28905a48367aba66",
    "picture": "image0.png",
    "birthday": "1983-01-22T02:55:41 -02:00",
    "name": "Lynne Dennis",
    "address": "557 Dahl Court, Lutsen, Maine, 6905",
    "phone_number": "(053) 5271540"
  },
  {
    "_id": "5dd6a1bf83786b07f3e0e58c",
    "picture": "image6.png",
    "birthday": "2013-03-16T04:04:10 -02:00",
    "name": "Josie Mcbride",
    "address": "363 Anna Court, Barrelville, Ohio, 5906",
    "phone_number": "(052) 3115863"
  }
]